title,company,post_date,job_id,location,salary,job_type,workplace_type,url
"Machine Learning Engineer, Entry Level (Remote)",Jobright.ai,7 hours ago,4266163236,N/A,Full-time,Full-time,Remote,https://www.linkedin.com/jobs/view/4266163236/
Unpaid Drone Tech Internship - Electrical Engineer - AI Engineer - Embedded Engineer -,Solakair,18 hours ago,4265889554,"Fremont, CA",Part-time,Part-time,Hybrid,https://www.linkedin.com/jobs/view/4265889554/
"Machine Learning Engineer, Personalization",Spotify,,4249687514,"New York, NY",$136.9K/yr - $195.5K/yr,Full-time,N/A,https://www.linkedin.com/jobs/view/4249687514/
Data and Machine Learning Engineer (E5879),IEEE,1 week ago,4262755378,"Piscataway, NJ",On-site,Full-time,On-site,https://www.linkedin.com/jobs/view/4262755378/
Software Engineer Intern Full Stack Summer 2025,Follio,12 hours ago,4264414400,N/A,Full-time,Full-time,Remote,https://www.linkedin.com/jobs/view/4264414400/
Applied AI/LLM Engineer/Researcher,Mathos AI,2 months ago,4230079434,"San Francisco, CA",$65K/yr - $110K/yr,Full-time,On-site,https://www.linkedin.com/jobs/view/4230079434/
Machine Learning Engineer Intern,Nexa AI,1 month ago,4230960728,"Cupertino, CA","$1,000/yr - $20K/yr",Internship,N/A,https://www.linkedin.com/jobs/view/4230960728/
"AI Engineer, Supply Chain - USA Remote",Lensa,1 day ago,4266034122,"New York, NY",$145K/yr - $172K/yr,Full-time,Remote,https://www.linkedin.com/jobs/view/4266034122/
Machine Learning Software Engineer Intern (Summer 2025),Valeo,,4225138460,"San Mateo, CA",$23.40/hr - $26/hr,Internship,On-site,https://www.linkedin.com/jobs/view/4225138460/
Machine Learning Engineer Intern,Neuralink,1 month ago,4238850261,"Fremont, CA",$35/hr,Internship,On-site,https://www.linkedin.com/jobs/view/4238850261/
Jr. AI/ML Prompt Engineer â€“ Language Evaluation,Digitive,1 day ago,4266048832,N/A,N/A,N/A,Remote,https://www.linkedin.com/jobs/view/4266048832/
Machine Learning Engineer II - Maintenance,Flock Safety,6 days ago,4264167150,N/A,$117K/yr - $171K/yr,Full-time,Remote,https://www.linkedin.com/jobs/view/4264167150/
Machine Learning Engineer,CompanyCam,3 days ago,4264880317,"Lincoln, NE",$210K/yr - $240K/yr,Full-time,Remote,https://www.linkedin.com/jobs/view/4264880317/
CTIO-AI Engineer-Sr Associate,PwC,1 day ago,4265865922,"California, United States",$55K/yr - $187K/yr,Full-time,On-site,https://www.linkedin.com/jobs/view/4265865922/
Swarm Machine Learning Engineer (Remote),Cisco,4 days ago,4263771538,"San Jose, CA",$146.8K/yr - $244.7K/yr,Full-time,Remote,https://www.linkedin.com/jobs/view/4263771538/
Machine Learning Engineer,Adobe,3 days ago,4265044635,"San Jose, CA",$142.7K/yr - $257.6K/yr,Full-time,N/A,https://www.linkedin.com/jobs/view/4265044635/
AI and Machine Learning Engineer (Remote),Grant Street Group,3 days ago,4263095730,N/A,$100K/yr - $250K/yr,Full-time,Remote,https://www.linkedin.com/jobs/view/4263095730/
Machine Learning Engineer,PrizePicks,5 days ago,4262898658,"Atlanta, GA",$145K/yr - $175K/yr,Full-time,Remote,https://www.linkedin.com/jobs/view/4262898658/
Machine Learning Engineer,Allstate,5 days ago,4263114226,N/A,$104K/yr - $187.6K/yr,Full-time,Remote,https://www.linkedin.com/jobs/view/4263114226/
Machine Learning Engineer,Gamigion,3 days ago,4265212712,"Los Angeles, CA",$125K/yr - $165K/yr,Full-time,N/A,https://www.linkedin.com/jobs/view/4265212712/
Machine Learning Engineer,Capgemini,1 week ago,4260166219,"New Jersey, United States",Full-time,Full-time,Hybrid,https://www.linkedin.com/jobs/view/4260166219/
Senior Machine Learning Engineer I,QBE Insurance,,4260782879,"New York, NY",$88K/yr - $165K/yr,Full-time,Hybrid,https://www.linkedin.com/jobs/view/4260782879/
Artificial Intelligence Consultant,N/A,15 hours ago,4266067686,"Orlando, FL",On-site,N/A,On-site,https://www.linkedin.com/jobs/view/4266067686/
"Machine Learning Engineer, Education",Chan Zuckerberg Initiative,5 days ago,4264206634,"Redwood City, CA",$169K/yr - $264K/yr,Full-time,Hybrid,https://www.linkedin.com/jobs/view/4264206634/
